# Metas de inflação definidas pelo CMN (IPCA, % a.a.) e intervalo de tolerância (p.p.)
# Fonte: Banco Central do Brasil, "Histórico de metas para a inflação".
# 2003 e 2004: metas ajustadas (8,5% e 5,5%) após a crise de 2002.
# A partir de 2025 vigora a meta contínua de 3,0% +/- 1,5 p.p.
ano,meta,tolerancia
1999,8.0,2.0
2000,6.0,2.0
2001,4.0,2.0
2002,3.5,2.0
2003,8.5,2.5
2004,5.5,2.5
2005,4.5,2.5
2006,4.5,2.0
2007,4.5,2.0
2008,4.5,2.0
2009,4.5,2.0
2010,4.5,2.0
2011,4.5,2.0
2012,4.5,2.0
2013,4.5,2.0
2014,4.5,2.0
2015,4.5,2.0
2016,4.5,2.0
2017,4.5,1.5
2018,4.5,1.5
2019,4.25,1.5
2020,4.0,1.5
2021,3.75,1.5
2022,3.5,1.5
2023,3.25,1.5
2024,3.0,1.5
2025,3.0,1.5
