data,selic,ipca_mensal,ipca_12m,ibcbr,cambio,focus_12m,meta,tolerancia,hiato,taylor_calibrada,taylor_estimada
2000-01-01,18.9400,0.6200,8.8500,,1.8037,,6.0000,2.0000,,,
2000-02-01,18.8700,0.1300,7.8600,,1.7753,,6.0000,2.0000,,,
2000-03-01,18.8500,0.2200,6.9200,,1.7420,,6.0000,2.0000,,,
2000-04-01,18.6200,0.4200,6.7700,,1.7682,,6.0000,2.0000,,,
2000-05-01,18.5100,0.0100,6.4700,,1.8279,,6.0000,2.0000,,,
2000-06-01,18.0400,0.2300,6.5100,,1.8083,,6.0000,2.0000,,,
2000-07-01,16.8500,1.6100,7.0600,,1.7978,,6.0000,2.0000,,,
2000-08-01,16.5200,1.3100,7.8600,,1.8092,,6.0000,2.0000,,,
2000-09-01,16.5600,0.2300,7.7700,,1.8392,,6.0000,2.0000,,,
2000-10-01,16.6000,0.1400,6.6500,,1.8796,,6.0000,2.0000,,,
2000-11-01,16.5100,0.3200,5.9900,,1.9480,,6.0000,2.0000,,,
2000-12-01,16.1900,0.5900,5.9700,,1.9632,,6.0000,2.0000,,,
2001-01-01,15.4900,0.5700,5.9200,,1.9545,,4.0000,2.0000,,,
2001-02-01,15.2000,0.4600,6.2700,,2.0019,,4.0000,2.0000,,,
2001-03-01,15.3900,0.3800,6.4400,,2.0890,,4.0000,2.0000,,,
2001-04-01,16.0200,0.5800,6.6100,,2.1925,,4.0000,2.0000,,,
2001-05-01,16.4300,0.4100,7.0400,,2.2972,,4.0000,2.0000,,,
2001-06-01,17.2800,0.5200,7.3500,,2.3758,,4.0000,2.0000,,,
2001-07-01,18.5700,1.3300,7.0500,,2.4660,,4.0000,2.0000,,,
2001-08-01,19.0000,0.7000,6.4100,,2.5106,,4.0000,2.0000,,,
2001-09-01,19.0600,0.2800,6.4600,,2.6717,,4.0000,2.0000,,,
2001-10-01,19.0600,0.8300,7.1900,,2.7402,,4.0000,2.0000,,,
2001-11-01,19.0500,0.7100,7.6100,,2.5431,,4.0000,2.0000,,,
2001-12-01,19.0500,0.6500,7.6700,,2.3627,5.0300,4.0000,2.0000,,,
2002-01-01,19.0500,0.5200,7.6200,,2.3779,4.7336,3.5000,2.0000,,,
2002-02-01,18.9700,0.3600,7.5100,,2.4196,4.6447,3.5000,2.0000,,,
2002-03-01,18.7200,0.6000,7.7500,,2.3466,4.7215,3.5000,2.0000,,,
2002-04-01,18.3800,0.8000,7.9800,,2.3204,4.7900,3.5000,2.0000,,,
2002-05-01,18.3700,0.2100,7.7700,,2.4804,4.4176,3.5000,2.0000,,,
2002-06-01,18.1000,0.4200,7.6600,,2.7140,4.4175,3.5000,2.0000,,,
2002-07-01,18.1700,1.1900,7.5100,,2.9346,4.6961,3.5000,2.0000,,,
2002-08-01,17.8400,0.6500,7.4600,,3.1101,4.9759,3.5000,2.0000,,,
2002-09-01,17.8900,0.7200,7.9300,,3.3420,5.5157,3.5000,2.0000,,,
2002-10-01,19.5900,1.3100,8.4500,,3.8059,7.0343,3.5000,2.0000,,,
2002-11-01,21.2500,3.0200,10.9300,,3.5764,10.2465,3.5000,2.0000,,,
2002-12-01,23.0300,2.1000,12.5300,,3.6259,11.7981,3.5000,2.0000,,,
2003-01-01,25.0600,2.2500,14.4700,70.2521,3.4384,11.2714,8.5000,2.5000,,,
2003-02-01,25.6800,1.5700,15.8500,71.4709,3.5908,10.4850,8.5000,2.5000,,,
2003-03-01,26.3200,1.2300,16.5700,71.0701,3.4469,9.6642,8.5000,2.5000,,,
2003-04-01,26.3200,0.9700,16.7700,70.5904,3.1187,8.9705,8.5000,2.5000,,,
2003-05-01,26.3100,0.6100,17.2400,69.8969,2.9557,8.2843,8.5000,2.5000,,,
2003-06-01,26.0900,-0.1500,16.5700,70.0285,2.8832,7.7405,8.5000,2.5000,,,
2003-07-01,25.3600,0.2000,15.4300,69.1806,2.8798,6.9817,8.5000,2.5000,,,
2003-08-01,23.5000,0.3400,15.0700,69.6913,3.0025,6.4843,8.5000,2.5000,,,
2003-09-01,21.0200,0.7800,15.1400,71.2521,2.9228,6.3673,8.5000,2.5000,,,
2003-10-01,19.5400,0.2900,13.9800,71.1435,2.8615,6.2177,8.5000,2.5000,,,
2003-11-01,18.3100,0.3400,11.0200,71.3333,2.9138,6.0065,8.5000,2.5000,,,
2003-12-01,16.9100,0.5200,9.3000,71.1300,2.9253,5.9050,8.5000,2.5000,,,
2004-01-01,16.3200,0.7600,7.7100,72.4731,2.8518,5.9035,5.5000,2.5000,,,
2004-02-01,16.3000,0.6100,6.6900,73.2422,2.9303,5.6467,5.5000,2.5000,,,
2004-03-01,16.1900,0.4700,5.8900,74.0456,2.9055,5.4204,5.5000,2.5000,,,
2004-04-01,15.9600,0.3700,5.2600,74.4242,2.9060,5.5185,5.5000,2.5000,,,
2004-05-01,15.7700,0.5100,5.1500,74.3470,3.1004,5.6790,5.5000,2.5000,,,
2004-06-01,15.8000,0.7100,6.0600,74.9619,3.1291,6.0205,5.5000,2.5000,,,
2004-07-01,15.7700,0.9100,6.8100,75.2837,3.0368,6.1845,5.5000,2.5000,,,
2004-08-01,15.8600,0.6900,7.1800,75.6030,3.0029,6.1873,5.5000,2.5000,,,
2004-09-01,16.0900,0.3300,6.7000,76.3786,2.8911,6.2076,5.5000,2.5000,,,
2004-10-01,16.4100,0.4400,6.8600,75.8530,2.8529,6.1970,5.5000,2.5000,,,
2004-11-01,16.9600,0.6900,7.2400,76.6885,2.7860,6.1568,5.5000,2.5000,,,
2004-12-01,17.5000,0.8600,7.6000,76.0856,2.7182,5.9333,5.5000,2.5000,,,
2005-01-01,17.9300,0.5800,7.4100,76.5996,2.6930,5.6933,4.5000,2.5000,,,
2005-02-01,18.4700,0.5900,7.3900,77.0685,2.5978,5.5383,4.5000,2.5000,,,
2005-03-01,18.9700,0.6100,7.5400,77.1742,2.7047,5.4568,4.5000,2.5000,,,
2005-04-01,19.3200,0.8700,8.0700,77.7160,2.5792,5.4790,4.5000,2.5000,,,
2005-05-01,19.6100,0.4900,8.0500,77.6407,2.4528,5.4090,4.5000,2.5000,,,
2005-06-01,19.7500,-0.0200,7.2700,77.1569,2.4135,5.1023,4.5000,2.5000,,,
2005-07-01,19.7200,0.2500,6.5700,77.1949,2.3735,5.0067,4.5000,2.5000,,,
2005-08-01,19.7500,0.1700,6.0200,77.7428,2.3606,4.9330,4.5000,2.5000,,,
2005-09-01,19.6100,0.3500,6.0400,77.5462,2.2944,4.7890,4.5000,2.5000,,,
2005-10-01,19.2500,0.7500,6.3600,77.5777,2.2565,4.6885,4.5000,2.5000,,,
2005-11-01,18.8700,0.5500,6.2200,78.2078,2.2108,4.6340,4.5000,2.5000,,,
2005-12-01,18.2400,0.3600,5.6900,78.8035,2.2855,4.5186,4.5000,2.5000,-0.6160,9.2200,5.1062
2006-01-01,17.6500,0.5900,5.7000,79.4473,2.2739,4.5686,4.5000,2.0000,-0.1537,9.5261,6.0164
2006-02-01,17.2800,0.4100,5.5100,79.4922,2.1619,4.4939,4.5000,2.0000,-0.4175,9.2821,5.1258
2006-03-01,16.7400,0.4300,5.3200,79.3882,2.1520,4.3635,4.5000,2.0000,-0.8215,8.8845,3.6338
2006-04-01,16.1900,0.2100,4.6300,79.8837,2.1293,4.1939,4.5000,2.0000,-0.5058,8.7879,2.6188
2006-05-01,15.7000,0.1000,4.2300,80.8889,2.1781,4.1841,4.5000,2.0000,0.3465,9.1994,3.4777
2006-06-01,15.1800,-0.2100,4.0300,79.9542,2.2483,4.2481,4.5000,2.0000,-1.0642,8.5900,2.4399
2006-07-01,14.9800,0.1900,3.9700,81.5083,2.1893,4.4010,4.5000,2.0000,0.4558,9.5793,5.3400
2006-08-01,14.6600,0.0500,3.8400,81.4620,2.1559,4.4896,4.5000,2.0000,0.0360,9.5023,5.5899
2006-09-01,14.1700,0.2100,3.7000,81.6599,2.1687,4.2820,4.5000,2.0000,-0.0734,9.1363,3.8023
2006-10-01,13.9500,0.3300,3.2600,82.5281,2.1483,4.0652,4.5000,2.0000,0.5687,9.1322,2.7675
2006-11-01,13.6500,0.3100,3.0200,83.1265,2.1579,4.1260,4.5000,2.0000,0.8472,9.3626,3.5620
2006-12-01,13.1900,0.4800,3.1400,84.1572,2.1499,4.1310,4.5000,2.0000,1.5648,9.7289,4.3915
2007-01-01,13.1300,0.4400,2.9900,83.8992,2.1385,4.0259,4.5000,2.0000,0.8108,9.1943,2.7179
2007-02-01,12.9300,0.4400,3.0200,84.0976,2.0962,3.8989,4.5000,2.0000,0.6162,8.9064,1.4835
2007-03-01,12.7400,0.3700,2.9600,83.5879,2.0887,3.7709,4.5000,2.0000,-0.3362,8.2383,-0.5923
2007-04-01,12.5800,0.2500,3.0000,84.7099,2.0320,3.6070,4.5000,2.0000,0.5711,8.4460,-0.9109
2007-05-01,12.4300,0.2800,3.1800,85.4331,1.9816,3.4327,4.5000,2.0000,0.9589,8.3786,-1.8841
2007-06-01,12.0300,0.2800,3.6900,85.9530,1.9319,3.4665,4.5000,2.0000,1.0896,8.4946,-1.4690
2007-07-01,11.7300,0.2400,3.7400,86.6301,1.8828,3.5668,4.5000,2.0000,1.3710,8.7857,-0.3536
2007-08-01,11.4300,0.4700,4.1800,86.7367,1.9660,3.6817,4.5000,2.0000,1.0181,8.7817,0.1813
2007-09-01,11.2200,0.1800,4.1500,87.4209,1.8996,3.7795,4.5000,2.0000,1.3011,9.0698,1.2777
2007-10-01,11.1800,0.3000,4.1200,88.2608,1.8010,3.8277,4.5000,2.0000,1.7161,9.3497,2.1219
2007-11-01,11.1800,0.3800,4.1900,88.2311,1.7699,3.9020,4.5000,2.0000,1.1823,9.1942,2.1313
2007-12-01,11.1800,0.7400,4.4600,89.0181,1.7860,4.1495,4.5000,2.0000,1.5374,9.7429,4.5100
2008-01-01,11.1800,0.5400,4.5600,89.1551,1.7743,4.2941,4.5000,2.0000,1.1839,9.7831,5.2826
2008-02-01,11.1800,0.4900,4.6100,88.9822,1.7277,4.2547,4.5000,2.0000,0.5334,9.3988,4.2508
2008-03-01,11.1800,0.4800,4.7300,88.3443,1.7076,4.3045,4.5000,2.0000,-0.5543,8.9296,3.4539
2008-04-01,11.3700,0.5500,5.0400,89.5814,1.6889,4.3814,4.5000,2.0000,0.3920,9.5181,5.1129
2008-05-01,11.6300,0.7900,5.5800,90.4133,1.6605,4.5955,4.5000,2.0000,0.8351,10.0608,7.3201
2008-06-01,12.0900,0.7400,6.0600,91.2313,1.6189,5.0129,4.5000,2.0000,1.2211,10.8798,11.0972
2008-07-01,12.3600,0.5300,6.3700,91.2919,1.5914,5.3509,4.5000,2.0000,0.8033,11.1779,13.3527
2008-08-01,12.9200,0.2800,6.1700,91.4419,1.6123,5.2919,4.5000,2.0000,0.5051,10.9404,12.5510
2008-09-01,13.3900,0.2600,6.2500,91.4206,1.7996,5.1905,4.5000,2.0000,0.0541,10.5627,11.2400
2008-10-01,13.6600,0.4500,6.4100,89.5939,2.1729,5.2122,4.5000,2.0000,-2.2116,9.4625,8.9219
2008-11-01,13.6400,0.3600,6.3900,87.3875,2.2663,5.3860,4.5000,2.0000,-4.7454,8.4563,7.5308
2008-12-01,13.6600,0.2800,5.9000,85.0093,2.3944,5.1850,4.5000,2.0000,-7.3277,6.8637,3.0753
2009-01-01,13.3200,0.4800,5.8400,84.8380,2.3074,4.8405,4.5000,2.0000,-7.3324,6.3445,0.3027
2009-02-01,12.6600,0.5500,5.9000,85.4952,2.3127,4.6356,4.5000,2.0000,-6.4159,6.4954,-0.3352
2009-03-01,11.7000,0.2000,5.6100,86.0347,2.3138,4.3223,4.5000,2.0000,-5.6822,6.3923,-2.0446
2009-04-01,11.1100,0.4800,5.5300,86.3978,2.2058,4.1770,4.5000,2.0000,-5.1802,6.4254,-2.6592
2009-05-01,10.1600,0.4700,5.2000,87.1994,2.0609,4.0535,4.5000,2.0000,-4.2355,6.7125,-2.6120
2009-06-01,9.5400,0.3600,4.8000,87.7319,1.9576,4.0681,4.5000,2.0000,-3.6402,7.0320,-1.8399
2009-07-01,9.0100,0.2400,4.5000,87.9658,1.9328,4.1052,4.5000,2.0000,-3.3965,7.2096,-1.2736
2009-08-01,8.6500,0.1500,4.3600,89.3718,1.8452,4.0624,4.5000,2.0000,-1.9376,7.8748,-0.0127
2009-09-01,8.6500,0.2400,4.3400,90.1054,1.8198,4.1557,4.5000,2.0000,-1.2918,8.3376,1.4474
2009-10-01,8.6500,0.2800,4.1700,90.8173,1.7384,4.2948,4.5000,2.0000,-0.7177,8.8333,3.1960
2009-11-01,8.6500,0.4100,4.2200,90.9192,1.7262,4.3470,4.5000,2.0000,-0.8091,8.8659,3.5150
2009-12-01,8.6500,0.3700,4.3100,92.2833,1.7503,4.4109,4.5000,2.0000,0.3859,9.5593,5.3431
2010-01-01,8.6500,0.7500,4.5900,93.6402,1.7798,4.4855,4.5000,2.0000,1.4662,10.2114,7.1308
2010-02-01,8.6500,0.7800,4.8300,94.5265,1.8416,4.4983,4.5000,2.0000,1.9846,10.4898,7.8041
2010-03-01,8.6500,0.5200,5.1700,95.5315,1.7858,4.5583,4.5000,2.0000,2.5676,10.8712,8.9269
2010-04-01,8.7200,0.5700,5.2600,96.0033,1.7566,4.6960,4.5000,2.0000,2.5776,11.0828,10.0443
2010-05-01,9.4000,0.4300,5.2200,95.2207,1.8132,4.7914,4.5000,2.0000,1.3633,10.6188,9.4749
2010-06-01,9.9400,0.0000,4.8400,94.9777,1.8065,4.7752,4.5000,2.0000,0.7551,10.2904,8.6758
2010-07-01,10.3200,0.0100,4.6000,95.5591,1.7696,4.9300,4.5000,2.0000,0.9922,10.6411,10.1798
2010-08-01,10.6600,0.0400,4.4900,96.1624,1.7596,4.9909,4.5000,2.0000,1.2274,10.8500,10.9278
2010-09-01,10.6600,0.4500,4.7000,97.0191,1.7187,5.1029,4.5000,2.0000,1.6813,11.2449,12.3265
2010-10-01,10.6600,0.7500,5.2000,96.8647,1.6835,5.1540,4.5000,2.0000,1.1272,11.0446,12.1277
2010-11-01,10.6600,0.8300,5.6300,97.9582,1.7133,5.2180,4.5000,2.0000,1.7997,11.4768,13.3816
2010-12-01,10.6600,0.6300,5.9100,96.9415,1.6934,5.3774,4.5000,2.0000,0.4088,11.0205,13.1318
2011-01-01,10.8500,0.8300,5.9900,98.1379,1.6749,5.4310,4.5000,2.0000,1.2234,11.5081,14.4582
2011-02-01,11.1700,0.8000,6.0100,98.5415,1.6680,5.4250,4.5000,2.0000,1.2188,11.4969,14.4053
2011-03-01,11.6200,0.7900,6.3000,98.5391,1.6591,5.3543,4.5000,2.0000,0.8280,11.1955,13.4074
2011-04-01,11.7400,0.7700,6.5100,98.6246,1.5864,5.3753,4.5000,2.0000,0.5459,11.0858,13.2655
2011-05-01,11.9200,0.4700,6.5500,98.7785,1.6135,5.1773,4.5000,2.0000,0.3468,10.6893,11.4560
2011-06-01,12.1000,0.1500,6.7100,99.1161,1.5870,5.0905,4.5000,2.0000,0.3331,10.5523,10.7438
2011-07-01,12.2500,0.1600,6.8700,99.2604,1.5639,5.3467,4.5000,2.0000,0.1378,10.8389,12.5868
2011-08-01,12.4200,0.3700,7.2300,99.1916,1.5970,5.4422,4.5000,2.0000,-0.2432,10.7917,12.9349
2011-09-01,11.9100,0.5300,7.3100,99.0668,1.7498,5.6729,4.5000,2.0000,-0.6487,10.9349,14.3418
2011-10-01,11.7000,0.4300,6.9700,99.0051,1.7726,5.6620,4.5000,2.0000,-0.9643,10.7609,13.9075
2011-11-01,11.4000,0.5200,6.6400,99.4746,1.7905,5.6055,4.5000,2.0000,-0.7576,10.7795,13.6810
2011-12-01,10.9000,0.5000,6.5000,98.5349,1.8369,5.3936,4.5000,2.0000,-1.8838,9.8985,10.7401
2012-01-01,10.7000,0.5600,6.2200,97.3217,1.7897,5.3223,4.5000,2.0000,-3.1929,9.1370,8.7267
2012-02-01,10.4000,0.4500,5.8400,98.2688,1.7184,5.2947,4.5000,2.0000,-2.3506,9.5168,9.4322
2012-03-01,9.8200,0.2100,5.2400,98.0306,1.7953,5.3750,4.5000,2.0000,-2.6868,9.4691,9.7071
2012-04-01,9.3500,0.6400,5.1000,98.4801,1.8548,5.4730,4.5000,2.0000,-2.3416,9.7887,10.8740
2012-05-01,8.8700,0.3600,4.9900,99.6195,1.9860,5.5209,4.5000,2.0000,-1.3721,10.3453,12.3255
2012-06-01,8.3900,0.0800,4.9200,100.3321,2.0492,5.4930,4.5000,2.0000,-0.8746,10.5522,12.6486
2012-07-01,8.0700,0.4300,5.2000,100.4983,2.0287,5.5427,4.5000,2.0000,-0.9184,10.6049,12.9998
2012-08-01,7.8500,0.4100,5.2400,100.8357,2.0294,5.6170,4.5000,2.0000,-0.7992,10.7759,13.7273
2012-09-01,7.3900,0.5700,5.2800,100.4207,2.0281,5.6053,4.5000,2.0000,-1.3802,10.4678,12.9941
2012-10-01,7.2300,0.5900,5.4500,101.2564,2.0298,5.4486,4.5000,2.0000,-0.7639,10.5410,12.4140
2012-11-01,7.1400,0.6000,5.5300,101.1111,2.0678,5.3585,4.5000,2.0000,-1.0922,10.2416,11.3287
2012-12-01,7.1600,0.7900,5.8400,100.6794,2.0778,5.4800,4.5000,2.0000,-1.6579,10.1410,11.6824
2013-01-01,7.1100,0.8600,6.1500,101.3246,2.0311,5.5259,4.5000,2.0000,-1.1885,10.4446,12.5676
2013-02-01,7.1200,0.6000,6.3100,100.3613,1.9733,5.5233,4.5000,2.0000,-2.2291,9.9204,11.4021
2013-03-01,7.1500,0.4700,6.5900,101.3675,1.9828,5.4850,4.5000,2.0000,-1.3765,10.2893,12.0322
2013-04-01,7.2600,0.5500,6.4900,102.4880,2.0022,5.4882,4.5000,2.0000,-0.4871,10.7387,13.0362
2013-05-01,7.4200,0.3700,6.5000,102.6519,2.0348,5.6257,4.5000,2.0000,-0.5322,10.9225,14.0914
2013-06-01,7.9000,0.2600,6.7000,102.2924,2.1730,5.6605,4.5000,2.0000,-1.0467,10.7174,13.8048
2013-07-01,8.2300,0.0300,6.2700,102.6501,2.2522,5.7478,4.5000,2.0000,-0.8717,10.9359,14.6988
2013-08-01,8.4500,0.2400,6.0900,102.9699,2.3422,6.0036,4.5000,2.0000,-0.7423,11.3843,16.8960
2013-09-01,8.9000,0.3500,5.8600,103.4805,2.2705,6.1905,4.5000,2.0000,-0.4497,11.8108,18.7187
2013-10-01,9.2500,0.5700,5.8400,103.4286,2.1886,6.2296,4.5000,2.0000,-0.6828,11.7530,18.7763
2013-11-01,9.4500,0.5400,5.7700,103.7088,2.2954,6.1510,4.5000,2.0000,-0.5994,11.6768,18.2369
2013-12-01,9.9000,0.9200,5.9100,103.9915,2.3455,6.0443,4.5000,2.0000,-0.5190,11.5569,17.4681
2014-01-01,10.1700,0.5500,5.5900,103.6702,2.3822,5.9914,4.5000,2.0000,-0.9829,11.2456,16.5327
2014-02-01,10.4300,0.6900,5.6800,103.3765,2.3837,6.0615,4.5000,2.0000,-1.3868,11.1488,16.6517
2014-03-01,10.6500,0.9200,6.1500,103.2529,2.3261,6.1395,4.5000,2.0000,-1.6058,11.1563,17.0372
2014-04-01,10.8700,0.6700,6.2800,102.8141,2.2328,6.0395,4.5000,2.0000,-2.0889,10.7648,15.7026
2014-05-01,10.9000,0.4600,6.3700,102.4494,2.2209,5.9290,4.5000,2.0000,-2.4663,10.4104,14.4002
2014-06-01,10.9000,0.4000,6.5200,100.2635,2.2355,5.9305,4.5000,2.0000,-4.4819,9.4048,12.1944
2014-07-01,10.9000,0.0100,6.5000,101.0258,2.2246,5.9400,4.5000,2.0000,-3.6361,9.8420,13.2013
2014-08-01,10.9000,0.2500,6.5100,101.9167,2.2680,6.1881,4.5000,2.0000,-2.7293,10.6675,16.1918
2014-09-01,10.9000,0.5700,6.7500,102.4714,2.3329,6.2918,4.5000,2.0000,-2.1914,11.0920,17.6167
2014-10-01,10.9200,0.4200,6.5900,101.5941,2.4483,6.3739,4.5000,2.0000,-2.9882,10.8168,17.3996
2014-11-01,11.1500,0.5100,6.5600,101.7767,2.5484,6.4760,4.5000,2.0000,-2.7550,11.0865,18.4762
2014-12-01,11.5800,0.7800,6.4100,102.1441,2.6394,6.6132,4.5000,2.0000,-2.3634,11.4881,20.0089
2015-01-01,11.8200,1.2400,7.1400,101.3078,2.6342,6.6281,4.5000,2.0000,-3.0912,11.1466,19.3281
2015-02-01,12.1500,1.2200,7.7000,100.6564,2.8165,6.5556,4.5000,2.0000,-3.5940,10.7863,18.1922
2015-03-01,12.5800,1.3200,8.1300,100.4701,3.1395,6.4436,4.5000,2.0000,-3.6244,10.6033,17.2598
2015-04-01,12.6800,0.7100,8.1700,99.1350,3.0432,6.0095,4.5000,2.0000,-4.7126,9.4080,12.5753
2015-05-01,13.1500,0.7400,8.4700,98.4602,3.0617,5.9570,4.5000,2.0000,-5.1022,9.1344,11.7249
2015-06-01,13.5800,0.7900,8.8900,97.5162,3.1117,6.0243,4.5000,2.0000,-5.7105,8.9312,11.5962
2015-07-01,13.6900,0.6200,9.5600,96.3741,3.2231,5.8017,4.5000,2.0000,-6.4590,8.2231,8.9851
2015-08-01,14.1500,0.2200,9.5300,96.8659,3.5143,5.6314,4.5000,2.0000,-5.5706,8.4118,8.5944
2015-09-01,14.1500,0.5400,9.4900,96.1694,3.9065,5.8433,4.5000,2.0000,-5.8734,8.5783,9.9635
2015-10-01,14.1500,0.8200,9.9300,96.5255,3.8801,6.3229,4.5000,2.0000,-5.1258,9.6714,14.6378
2015-11-01,14.1500,1.0100,10.4800,95.5452,3.7765,6.8805,4.5000,2.0000,-5.7088,10.2164,18.4759
2015-12-01,14.1500,0.9600,10.6700,95.2565,3.8711,6.9873,4.5000,2.0000,-5.5680,10.4469,19.4885
2016-01-01,14.1500,1.2700,10.7100,94.8932,4.0523,6.8605,4.5000,2.0000,-5.4962,10.2926,18.5491
2016-02-01,14.1500,0.9000,10.3600,94.7574,3.9737,6.7711,4.5000,2.0000,-5.1931,10.3100,18.1640
2016-03-01,14.1500,0.4300,9.3900,94.0841,3.7039,6.6109,4.5000,2.0000,-5.4269,9.9529,16.6205
2016-04-01,14.1500,0.6100,9.2800,94.0308,3.5658,6.3400,4.5000,2.0000,-5.0200,9.7500,14.8920
2016-05-01,14.1500,0.7800,9.3200,93.7998,3.5393,6.0610,4.5000,2.0000,-4.8046,9.4391,12.8874
2016-06-01,14.1500,0.3500,8.8400,93.9661,3.4245,5.9318,4.5000,2.0000,-4.1992,9.5481,12.5160
2016-07-01,14.1500,0.5200,8.7400,93.6551,3.2756,5.7257,4.5000,2.0000,-4.0981,9.2895,10.9717
2016-08-01,14.1500,0.4400,8.9700,93.4110,3.2097,5.3870,4.5000,2.0000,-3.9279,8.8665,8.4378
2016-09-01,14.1500,0.0800,8.4800,93.5664,3.2564,5.2024,4.5000,2.0000,-3.3628,8.8722,7.5768
2016-10-01,14.0500,0.2600,7.8700,93.0698,3.1858,5.0265,4.5000,2.0000,-3.4776,8.5510,6.0377
2016-11-01,13.9000,0.1800,6.9900,93.1326,3.3420,4.9275,4.5000,2.0000,-3.0183,8.6321,5.7478
2016-12-01,13.6500,0.3000,6.2900,92.7518,3.3523,4.8418,4.5000,2.0000,-3.0267,8.4994,5.0502
2017-01-01,13.1700,0.3800,5.3500,93.4240,3.1966,4.7891,4.5000,1.5000,-1.9759,8.9457,5.7826
2017-02-01,12.8200,0.3300,4.7600,94.5375,3.1042,4.6539,4.5000,1.5000,-0.5660,9.4479,6.2477
2017-03-01,12.1500,0.2500,4.5700,94.6249,3.1279,4.5600,4.5000,1.5000,-0.2696,9.4552,5.8196
2017-04-01,11.5900,0.1400,4.0800,94.4835,3.1362,4.6022,4.5000,1.5000,-0.2184,9.5441,6.2151
2017-05-01,11.1500,0.3100,3.6000,94.2596,3.2095,4.6636,4.5000,1.5000,-0.2517,9.6196,6.6717
2017-06-01,10.1500,-0.2300,3.0000,94.8732,3.2954,4.4729,4.5000,1.5000,0.5405,9.7295,6.0107
2017-07-01,10.0100,0.2400,2.7100,94.9125,3.2061,4.4276,4.5000,1.5000,0.7105,9.7467,5.8344
2017-08-01,9.1500,0.1900,2.4600,94.6548,3.1509,4.4187,4.5000,1.5000,0.5757,9.6659,5.6144
2017-09-01,8.3500,0.1600,2.5400,94.6560,3.1348,4.0515,4.5000,1.5000,0.7025,9.1785,2.8043
2017-10-01,8.0100,0.4200,2.7000,94.8605,3.1912,4.0095,4.5000,1.5000,1.0174,9.2730,2.8135
2017-11-01,7.4000,0.2800,2.8000,95.0478,3.2594,4.0070,4.5000,1.5000,1.2898,9.4054,3.0929
2017-12-01,7.0000,0.4400,2.9500,96.1878,3.2919,3.9075,4.5000,1.5000,2.4627,9.8426,3.5840
2018-01-01,6.9000,0.2900,2.8600,95.8261,3.2106,3.9818,4.5000,1.5000,2.0885,9.7670,3.7693
2018-02-01,6.7200,0.3200,2.8400,95.4541,3.2415,4.0322,4.5000,1.5000,1.7242,9.6604,3.7734
2018-03-01,6.5800,0.0900,2.6800,95.4764,3.2792,3.9843,4.5000,1.5000,1.7642,9.6085,3.4324
2018-04-01,6.4000,0.2200,2.7600,96.0135,3.4075,4.0357,4.5000,1.5000,2.2955,9.9513,4.4300
2018-05-01,6.4000,0.4000,2.8600,93.0615,3.6361,4.2305,4.5000,1.5000,-0.6366,8.7774,2.7688
2018-06-01,6.4000,1.2600,4.3900,95.7689,3.7732,4.3090,4.5000,1.5000,2.2039,10.3155,6.5248
2018-07-01,6.4000,0.3300,4.4800,96.0764,3.8288,3.7527,4.5000,1.5000,2.4702,9.6142,2.3490
2018-08-01,6.4000,-0.0900,4.1900,96.8232,3.9298,3.6822,4.5000,1.5000,3.1319,9.8392,2.5102
2018-09-01,6.4000,0.4800,4.5300,96.2974,4.1165,3.9363,4.5000,1.5000,2.5135,9.9112,3.8714
2018-10-01,6.4000,0.4500,4.5600,96.6151,3.7584,3.9905,4.5000,1.5000,2.7441,10.1077,4.5599
2018-11-01,6.4000,-0.2100,4.0500,96.9015,3.7867,3.7715,4.5000,1.5000,2.9198,9.8671,2.9944
2018-12-01,6.4000,0.1500,3.7500,97.0476,3.8851,3.8150,4.5000,1.5000,2.9400,9.9425,3.3661
2019-01-01,6.4000,0.3200,3.7800,96.9625,3.7417,4.0141,4.2500,1.5000,2.7297,10.2610,6.4922
2019-02-01,6.4000,0.4300,3.8900,96.4100,3.7236,4.0150,4.2500,1.5000,2.0783,9.9366,5.7828
2019-03-01,6.4000,0.7500,4.5800,95.8132,3.8465,3.9879,4.2500,1.5000,1.4221,9.5679,4.8433
2019-04-01,6.4000,0.5700,4.9400,95.7778,3.8962,3.7224,4.2500,1.5000,1.3513,9.1342,2.6326
2019-05-01,6.4000,0.1300,4.6600,97.1161,4.0015,3.5686,4.2500,1.5000,2.6043,9.5301,2.7760
2019-06-01,6.4000,0.0100,3.3700,96.6003,3.8588,3.6011,4.2500,1.5000,1.9780,9.2656,2.3473
2019-07-01,6.4000,0.1900,3.2200,96.3990,3.7793,3.6865,4.2500,1.5000,1.6920,9.2508,2.7193
2019-08-01,5.9000,0.1100,3.4300,96.6340,4.0200,3.6182,4.2500,1.5000,1.8418,9.2232,2.3351
2019-09-01,5.7100,-0.0400,2.8900,96.9560,4.1215,3.4876,4.2500,1.5000,2.0586,9.1357,1.5248
2019-10-01,5.3800,0.1000,2.5400,98.0912,4.0870,3.5057,4.2500,1.5000,3.0260,9.6465,2.7339
2019-11-01,4.9000,0.5100,3.2700,97.9291,4.1553,3.6235,4.2500,1.5000,2.6818,9.6512,3.3020
2019-12-01,4.5900,1.1500,4.3100,97.5167,4.1096,3.8100,4.2500,1.5000,2.1170,9.6485,4.1787
2020-01-01,4.4000,0.2100,4.1900,97.6170,4.1495,3.5773,4.0000,1.5000,2.0742,9.4030,4.0204
2020-02-01,4.1900,0.2500,4.0100,97.7553,4.3410,3.4633,4.0000,1.5000,2.0649,9.2275,3.0949
2020-03-01,3.9500,0.0700,3.3000,91.2801,4.8839,3.5300,4.0000,1.5000,-4.4417,6.0741,-3.5277
2020-04-01,3.6500,-0.3100,2.4000,82.9653,5.3256,3.0100,4.0000,1.5000,-12.9729,1.0285,-17.0901
2020-05-01,3.0100,-0.3800,1.8800,85.4915,5.6434,2.9755,4.0000,1.5000,-9.2076,2.8594,-13.2249
2020-06-01,2.5800,0.2600,2.1300,89.3739,5.1966,3.2038,4.0000,1.5000,-4.3500,5.6307,-6.0470
2020-07-01,2.1500,0.3600,2.3100,91.7460,5.2802,3.1430,4.0000,1.5000,-1.5205,6.9543,-3.4223
2020-08-01,1.9400,0.2400,2.4400,93.5058,5.4612,2.9548,4.0000,1.5000,0.4419,7.6531,-2.7759
2020-09-01,1.9000,0.6400,3.1400,95.3682,5.3995,3.1324,4.0000,1.5000,2.3293,8.8632,0.7273
2020-10-01,1.9000,0.8600,3.9200,97.3152,5.6258,3.3729,4.0000,1.5000,4.1201,10.1193,4.6291
2020-11-01,1.9000,0.8900,4.3100,97.5228,5.4178,3.6325,4.0000,1.5000,4.0932,10.4954,6.6852
2020-12-01,1.9000,1.3500,4.5200,97.6399,5.1456,3.8541,4.0000,1.5000,3.9710,10.7666,8.3307
2021-01-01,1.9000,0.2500,4.5600,97.8091,5.3562,3.4480,3.7500,1.5000,3.8961,10.2451,6.7445
2021-02-01,1.9000,0.8600,5.2000,98.7304,5.4165,3.7278,3.7500,1.5000,4.5258,10.9796,9.6846
2021-03-01,2.2300,0.9300,6.1000,95.3283,5.6461,4.0174,3.7500,1.5000,0.9732,9.6377,8.1029
2021-04-01,2.6500,0.3100,6.7600,96.3409,5.5621,3.9309,3.7500,1.5000,1.9086,9.9756,8.4369
2021-05-01,3.2900,0.8300,8.0600,97.0252,5.2911,4.1173,3.7500,1.5000,2.4479,10.5249,10.5275
2021-06-01,3.7600,0.5300,8.3500,96.7558,5.0319,4.2200,3.7500,1.5000,2.0269,10.4685,10.8894
2021-07-01,4.1500,0.9600,8.9900,96.4257,5.1567,4.3003,3.7500,1.5000,1.5716,10.3612,11.0332
2021-08-01,5.0100,0.8700,9.6800,97.0220,5.2517,4.4047,3.7500,1.5000,2.0343,10.7491,12.3809
2021-09-01,5.4300,1.1600,10.2500,96.9651,5.2797,4.7262,3.7500,1.5000,1.8315,11.1301,14.7410
2021-10-01,6.3000,1.2500,10.6700,97.4867,5.5400,4.7175,3.7500,1.5000,2.1909,11.2966,15.0658
2021-11-01,7.6500,0.9500,10.7400,99.0553,5.5569,5.2888,3.7500,1.5000,3.5021,12.8093,21.0981
2021-12-01,8.7600,0.7300,10.0600,99.3772,5.6514,5.1894,3.7500,1.5000,3.5294,12.6738,20.3294
2022-01-01,9.1500,0.5400,10.3800,97.4213,5.5341,5.0666,3.5000,1.5000,1.3992,11.5494,18.7573
2022-02-01,10.4900,1.0100,10.5400,98.4804,5.1966,5.2389,3.5000,1.5000,2.2668,12.2418,21.0964
2022-03-01,11.1500,1.6200,11.3000,99.5480,4.9684,5.5109,3.5000,1.5000,3.0632,13.0480,24.1573
2022-04-01,11.6500,1.0600,12.1300,99.4412,4.7580,5.4429,3.5000,1.5000,2.6938,12.7612,23.2046
2022-05-01,12.5100,0.4700,11.7300,99.6454,4.9550,5.7156,3.5000,1.5000,2.6338,13.1403,25.3293
2022-06-01,12.8900,0.6700,11.8900,99.5105,5.0492,5.8295,3.5000,1.5000,2.2548,13.1217,25.8274
2022-07-01,13.1500,-0.6800,10.0700,101.4317,5.3681,5.3195,3.5000,1.5000,3.7978,13.1281,23.4278
2022-08-01,13.5800,-0.3600,8.7300,101.1058,5.1433,5.6647,3.5000,1.5000,3.1461,13.3201,25.4838
2022-09-01,13.6500,-0.2900,7.1700,101.1603,5.2370,5.3247,3.5000,1.5000,2.8815,12.6778,22.4618
2022-10-01,13.6500,0.5900,6.4700,101.4417,5.2503,5.1710,3.5000,1.5000,2.8360,12.4245,21.1768
2022-11-01,13.6500,0.4100,5.9000,100.7146,5.2746,5.1925,3.5000,1.5000,1.8607,11.9692,20.2771
2022-12-01,13.6500,0.6200,5.7900,100.5882,5.2424,5.2583,3.5000,1.5000,1.5016,11.8882,20.4100
2023-01-01,13.6500,0.5300,5.7700,100.1099,5.2007,5.4067,3.2500,1.5000,0.8384,11.9043,22.6311
2023-02-01,13.6500,0.8400,5.6000,103.0799,5.1717,5.6622,3.2500,1.5000,3.3766,13.5566,27.4756
2023-03-01,13.6500,0.7100,4.6500,103.0849,5.2115,5.4381,3.2500,1.5000,3.0144,13.0394,25.2770
2023-04-01,13.6500,0.6100,4.1800,103.9357,5.0197,5.2082,3.2500,1.5000,3.4285,12.9016,23.8860
2023-05-01,13.6500,0.2300,3.9400,102.4297,4.9828,4.9289,3.2500,1.5000,1.6861,11.6114,19.7254
2023-06-01,13.6500,-0.0800,3.1600,102.3993,4.8516,4.3290,3.2500,1.5000,1.3915,10.5642,14.5822
2023-07-01,13.6500,0.1200,3.9900,102.9069,4.8008,4.1946,3.2500,1.5000,1.6008,10.4673,13.7331
2023-08-01,13.1900,0.2300,4.6100,102.5024,4.9035,4.1509,3.2500,1.5000,0.9663,10.0844,12.6837
2023-09-01,12.9700,0.2600,5.1900,102.5153,4.9370,4.0786,3.2500,1.5000,0.7520,9.8689,11.8674
2023-10-01,12.6500,0.2400,4.8200,102.8396,5.0648,3.9717,3.2500,1.5000,0.8326,9.7489,11.0975
2023-11-01,12.1700,0.2800,4.6800,103.5946,4.8983,3.9288,3.2500,1.5000,1.2909,9.9137,11.2573
2023-12-01,11.8700,0.5600,4.6200,104.8882,4.8972,3.8966,3.2500,1.5000,2.1858,10.3128,11.9829
2024-01-01,11.6500,0.4200,4.5100,104.4730,4.9144,3.8621,3.0000,1.5000,1.4906,10.0385,12.6995
2024-02-01,11.1500,0.8300,4.5000,104.6589,4.9644,3.7208,3.0000,1.5000,1.3744,9.7684,11.4361
2024-03-01,11.0000,0.1600,3.9300,104.6738,4.9801,3.4895,3.0000,1.5000,1.1112,9.2899,9.2888
2024-04-01,10.6500,0.3800,3.6900,104.6277,5.1291,3.5307,3.0000,1.5000,0.8098,9.2009,9.2878
2024-05-01,10.4600,0.4600,3.9300,105.6043,5.1330,3.6149,3.0000,1.5000,1.4310,9.6378,10.6476
2024-06-01,10.4000,0.2100,4.2300,106.5891,5.3890,3.5973,3.0000,1.5000,2.0031,9.8975,11.1358
2024-07-01,10.4000,0.3800,4.5000,107.0624,5.5420,3.6710,3.0000,1.5000,2.0783,10.0456,11.8104
2024-08-01,10.4000,-0.0200,4.2400,107.1917,5.5526,3.7726,3.0000,1.5000,1.8435,10.0807,12.3686
2024-09-01,10.5000,0.4400,4.4200,108.0438,5.5416,3.9808,3.0000,1.5000,2.2434,10.5929,14.4809
2024-10-01,10.6500,0.5600,4.7600,108.2446,5.6241,3.9742,3.0000,1.5000,2.0460,10.4843,14.2105
2024-11-01,11.0400,0.3900,4.8700,108.0011,5.8071,4.1934,3.0000,1.5000,1.4759,10.5281,15.3445
2024-12-01,11.7700,0.5200,4.8300,107.3701,6.0970,4.7132,3.0000,1.5000,0.6081,10.8738,18.5647
2025-01-01,12.2400,0.1600,4.5600,108.0952,6.0218,5.2504,3.0000,1.5000,0.9695,11.8603,23.2773
2025-02-01,13.1500,1.3100,5.0600,108.6201,5.7656,5.7012,3.0000,1.5000,1.1272,12.6154,27.0724
2025-03-01,13.5700,0.5600,5.4800,110.0329,5.7468,5.2053,3.0000,1.5000,2.0204,12.3181,24.0713
2025-04-01,14.1500,0.4300,5.5300,109.5277,5.7837,5.0082,3.0000,1.5000,1.2175,11.6211,21.6054
2025-05-01,14.5500,0.2600,5.3200,108.8862,5.6674,4.9036,3.0000,1.5000,0.3510,11.0309,19.8116
2025-06-01,14.7400,0.2400,5.3500,108.8038,5.5471,4.7316,3.0000,1.5000,0.0206,10.6077,18.0665
2025-07-01,14.9000,0.2600,5.2300,108.4987,5.5285,4.5700,3.0000,1.5000,-0.4764,10.1169,16.2219
2025-08-01,14.9000,-0.1100,5.1300,108.8289,5.4469,4.3703,3.0000,1.5000,-0.3937,9.8586,14.7082
2025-09-01,14.9000,0.4800,5.1700,108.7355,5.3674,4.3813,3.0000,1.5000,-0.6777,9.7331,14.4844
2025-10-01,14.9000,0.0900,4.6800,108.7533,5.3855,4.1264,3.0000,1.5000,-0.8446,9.2672,12.2528
2025-11-01,14.9000,0.1800,4.4600,109.2501,5.3409,4.0997,3.0000,1.5000,-0.5894,9.3548,12.3194
2025-12-01,14.9000,0.3300,4.2600,109.4528,5.4531,4.0392,3.0000,1.5000,-0.6019,9.2578,11.8195
2026-01-01,14.9000,0.3300,4.4400,110.0499,5.3380,4.0316,3.0000,1.5000,-0.2790,9.4079,12.1140
2026-02-01,14.9000,0.7000,3.8100,110.7366,5.2006,3.9565,3.0000,1.5000,0.0938,9.4816,11.9205
2026-03-01,14.8000,0.8800,4.1400,110.5881,5.2316,4.0024,3.0000,1.5000,-0.2623,9.3725,11.8981
2026-04-01,14.6400,0.6700,4.3900,110.9001,5.0331,4.0582,3.0000,1.5000,-0.2061,9.4843,12.4078
2026-05-01,14.4000,0.5800,4.7200,111.1385,4.9837,3.9912,3.0000,1.5000,-0.2155,9.3790,11.8590
2026-06-01,14.2900,0.1600,4.6400,110.1577,5.1276,4.0859,3.0000,1.5000,-1.2457,9.0060,11.4863
2026-07-01,14.1500,0.0700,4.4400,109.9161,5.1139,4.1579,3.0000,1.5000,-1.5797,8.9471,11.6978
2026-08-01,13.9400,-0.3200,4.2200,,5.1532,4.3537,3.0000,1.5000,,,
2026-09-01,13.7900,,,,5.1388,4.6116,3.0000,1.5000,,,
